"Gellish";"English";"Version:";"9.0";"1-okt-15";"Product model";"Example information model of a road network in Formal English";;"Lower_object_uid=100";"Upper_object_uid=399";"Lower_rel_uid=500";"Upper_rel_uid=899";"Prefix=Demo:";;;;;;;;;;;;;;;;
0;69;54;71;16;5;43;44;2;101;1;60;3;45;15;201;65;4;66;7;14;8;67;9;10;12;13;50;68
1;"UID of language";"Language";"UID of language community";"Language community";"UID of intention";"Name of intention";"Left hand simultaneous cardinalities";"UID of left hand object";"Left hand object name";"UIF of fact";"UID of relation type";"Name of relation type";"Right hand simultaneous cardinalities";"UID of right hand object";"Name of right hand object";"Partial definition";"Full definition";"UID of UoM";"UoM
(type of scale)";"Remarks";"Status";"Successor of relation ID";"Date of start of life";"Date of latest change";"Originator of latest change";"References";"UID of collection of facts";"Name of collection of facts"
4;910036;"English";"Demo:202";"The Dutch state";491285;"statement";;"Demo:110";"Road net_1";"Demo:501";1225;"is classified as a";;40762;"road network";"in the Province of Groningen, the Netherlands.";;;;;"proposed";;"9-jan-06";"9-jan-06";"Piet van Merendonk";"Gellish Forum";"Demo:101";"facts about demo of a road"
5;589211;"internationaal";"Demo:202";"The Dutch state";491285;"statement";;"Demo:111";"N7";"Demo:503";1260;"is a part of";;"Demo:110";"Road net_1";;;;;;"proposed";;"9-jan-06";"9-jan-06";"Piet van Merendonk";"Gellish Forum";"Demo:101";"facts about demo of a road"
6;589211;"internationaal";"Demo:202";"The Dutch state";491285;"statement";;"Demo:112";"N51";"Demo:504";1260;"is a part of";;"Demo:110";"Road net_1";;;;;;"proposed";;"9-jan-06";"9-jan-06";"Piet van Merendonk";"Gellish Forum";"Demo:101";"facts about demo of a road"
7;589211;"internationaal";"Demo:202";"The Dutch state";491285;"statement";;"Demo:113";"N52";"Demo:505";1260;"is a part of";;"Demo:110";"Road net_1";;;;;;"proposed";;"9-jan-06";"9-jan-06";"Piet van Merendonk";"Gellish Forum";"Demo:101";"facts about demo of a road"
8;589211;"internationaal";"Demo:202";"The Dutch state";491285;"statement";;"Demo:114";"R1";"Demo:506";1260;"is a part of";;"Demo:110";"Road net_1";;;;;;"proposed";;"9-jan-06";"9-jan-06";"Piet van Merendonk";"Gellish Forum";"Demo:101";"facts about demo of a road"
9;589211;"internationaal";"Demo:202";"The Dutch state";491285;"statement";;"Demo:115";"R2";"Demo:507";1260;"is a part of";;"Demo:110";"Road net_1";;;;;;"proposed";;"9-jan-06";"9-jan-06";"Piet van Merendonk";"Gellish Forum";"Demo:101";"facts about demo of a road"
17;589211;"internationaal";"Demo:202";"The Dutch state";491285;"statement";;"Demo:116";"E5_1";"Demo:508";1260;"is a part of";;"Demo:111";"N7";;;;;;"proposed";;"9-jan-06";"9-jan-06";"Piet van Merendonk";"Gellish Forum";"Demo:101";"facts about demo of a road"
18;589211;"internationaal";"Demo:202";"The Dutch state";491285;"statement";;"Demo:117";"E5_2";"Demo:509";1260;"is a part of";;"Demo:111";"N7";;;;;;"proposed";;"9-jan-06";"9-jan-06";"Piet van Merendonk";"Gellish Forum";"Demo:101";"facts about demo of a road"
19;589211;"internationaal";"Demo:202";"The Dutch state";491285;"statement";;"Demo:118";"E51_1";"Demo:510";1260;"is a part of";;"Demo:112";"N51";;;;;;"proposed";;"9-jan-06";"9-jan-06";"Piet van Merendonk";"Gellish Forum";"Demo:101";"facts about demo of a road"
20;589211;"internationaal";"Demo:202";"The Dutch state";491285;"statement";;"Demo:119";"E51_2";"Demo:511";1260;"is a part of";;"Demo:112";"N51";;;;;;"proposed";;"9-jan-06";"9-jan-06";"Piet van Merendonk";"Gellish Forum";"Demo:101";"facts about demo of a road"
21;589211;"internationaal";"Demo:202";"The Dutch state";491285;"statement";;"Demo:120";"E52_1";"Demo:512";1260;"is a part of";;"Demo:113";"N52";;;;;;"proposed";;"9-jan-06";"9-jan-06";"Piet van Merendonk";"Gellish Forum";"Demo:101";"facts about demo of a road"
22;589211;"internationaal";"Demo:202";"The Dutch state";491285;"statement";;"Demo:121";"E52_2";"Demo:513";1260;"is a part of";;"Demo:113";"N52";;;;;;"proposed";;"9-jan-06";"9-jan-06";"Piet van Merendonk";"Gellish Forum";"Demo:101";"facts about demo of a road"
23;589211;"internationaal";"Demo:202";"The Dutch state";491285;"statement";;"Demo:122";"U1_1";"Demo:514";1260;"is a part of";;"Demo:114";"R1";;;;;;"proposed";;"9-jan-06";"9-jan-06";"Piet van Merendonk";"Gellish Forum";"Demo:101";"facts about demo of a road"
24;589211;"internationaal";"Demo:202";"The Dutch state";491285;"statement";;"Demo:123";"U2_1";"Demo:515";1260;"is a part of";;"Demo:115";"R2";;;;;;"proposed";;"9-jan-06";"9-jan-06";"Piet van Merendonk";"Gellish Forum";"Demo:101";"facts about demo of a road"
25;589211;"internationaal";"Demo:202";"The Dutch state";491285;"statement";;"Demo:124";"U2_2";"Demo:516";1260;"is a part of";;"Demo:115";"R2";;;;;;"proposed";;"9-jan-06";"9-jan-06";"Piet van Merendonk";"Gellish Forum";"Demo:101";"facts about demo of a road"
26;589211;"internationaal";"Demo:202";"The Dutch state";491285;"statement";;"Demo:125";"U2_3";"Demo:517";1260;"is a part of";;"Demo:115";"R2";;;;;;"proposed";;"9-jan-06";"9-jan-06";"Piet van Merendonk";"Gellish Forum";"Demo:101";"facts about demo of a road"
37;589211;"internationaal";"Demo:202";"The Dutch state";491285;"statement";;"Demo:122";"U1_1";"Demo:518";1487;"is connected to";;"Demo:116";"E5_1";;;;;;"proposed";;"9-jan-06";"9-jan-06";"Piet van Merendonk";"Gellish Forum";"Demo:101";"facts about demo of a road"
38;589211;"internationaal";"Demo:202";"The Dutch state";491285;"statement";;"Demo:123";"U2_1";"Demo:519";1487;"is connected to";;"Demo:117";"E5_2";;;;;;"proposed";;"9-jan-06";"9-jan-06";"Piet van Merendonk";"Gellish Forum";"Demo:101";"facts about demo of a road"
39;589211;"internationaal";"Demo:202";"The Dutch state";491285;"statement";;"Demo:124";"U2_2";"Demo:520";1487;"is connected to";;"Demo:118";"E51_1";;;;;;"proposed";;"9-jan-06";"9-jan-06";"Piet van Merendonk";"Gellish Forum";"Demo:101";"facts about demo of a road"
40;589211;"internationaal";"Demo:202";"The Dutch state";491285;"statement";;"Demo:125";"U2_3";"Demo:521";1487;"is connected to";;"Demo:120";"E52_1";;;;;;"proposed";;"9-jan-06";"9-jan-06";"Piet van Merendonk";"Gellish Forum";"Demo:101";"facts about demo of a road"
47;589211;"internationaal";"Demo:202";"The Dutch state";491285;"statement";;"Demo:126";"S_N5";"Demo:522";1727;"has as aspect";;"Demo:129";"I_N5";;;;;;"proposed";;"9-jan-06";"9-jan-06";"Piet van Merendonk";"Gellish Forum";"Demo:101";"facts about demo of a road"
48;589211;"internationaal";"Demo:202";"The Dutch state";491285;"statement";;"Demo:127";"S_N51";"Demo:523";1727;"has as aspect";;"Demo:130";"I_N51";;;;;;"proposed";;"9-jan-06";"9-jan-06";"Piet van Merendonk";"Gellish Forum";"Demo:101";"facts about demo of a road"
49;589211;"internationaal";"Demo:202";"The Dutch state";491285;"statement";;"Demo:128";"S_N52";"Demo:524";1727;"has as aspect";;"Demo:131";"I_N52";;;;;;"proposed";;"9-jan-06";"9-jan-06";"Piet van Merendonk";"Gellish Forum";"Demo:101";"facts about demo of a road"
56;589211;"internationaal";"Demo:202";"The Dutch state";491285;"statement";;"Demo:122";"U1_1";"Demo:525";1727;"has as aspect";;"Demo:132";"A1_1";;;;;;"proposed";;"9-jan-06";"9-jan-06";"Piet van Merendonk";"Gellish Forum";"Demo:101";"facts about demo of a road"
57;589211;"internationaal";"Demo:202";"The Dutch state";491285;"statement";;"Demo:123";"U2_1";"Demo:526";1727;"has as aspect";;"Demo:134";"A2_2";;;;;;"proposed";;"9-jan-06";"9-jan-06";"Piet van Merendonk";"Gellish Forum";"Demo:101";"facts about demo of a road"
58;589211;"internationaal";"Demo:202";"The Dutch state";491285;"statement";;"Demo:124";"U2_2";"Demo:527";1727;"has as aspect";;"Demo:134";"A2_2";;;;;;"proposed";;"9-jan-06";"9-jan-06";"Piet van Merendonk";"Gellish Forum";"Demo:101";"facts about demo of a road"
59;589211;"internationaal";"Demo:202";"The Dutch state";491285;"statement";;"Demo:125";"U2_3";"Demo:528";1727;"has as aspect";;"Demo:135";"A2_3";;;;;;"proposed";;"9-jan-06";"9-jan-06";"Piet van Merendonk";"Gellish Forum";"Demo:101";"facts about demo of a road"
65;589211;"internationaal";"Demo:202";"The Dutch state";491285;"statement";;"Demo:134";"A2_2";"Demo:529";5025;"maps on scale to";;2000000020;20;;;570382;"%";;"proposed";;"9-jan-06";"9-jan-06";"Piet van Merendonk";"Gellish Forum";"Demo:101";"facts about demo of a road"
67;589211;"internationaal";"Demo:202";"The Dutch state";491285;"statement";;"Demo:135";"A2_3";"Demo:530";5025;"maps on scale to";;2000000020;20;;;570382;"%";;"proposed";;"9-jan-06";"9-jan-06";"Piet van Merendonk";"Gellish Forum";"Demo:101";"facts about demo of a road"
63;589211;"internationaal";"Demo:202";"The Dutch state";491285;"statement";;"Demo:133";"A2_1";"Demo:531";5025;"maps on scale to";;2000000060;60;;;570382;"%";;"proposed";;"9-jan-06";"9-jan-06";"Piet van Merendonk";"Gellish Forum";"Demo:101";"facts about demo of a road"
61;589211;"internationaal";"Demo:202";"The Dutch state";491285;"statement";;"Demo:132";"A1_1";"Demo:532";5025;"maps on scale to";;2000000080;80;;;570382;"%";;"proposed";;"9-jan-06";"9-jan-06";"Piet van Merendonk";"Gellish Forum";"Demo:101";"facts about demo of a road"
55;589211;"internationaal";"Demo:202";"The Dutch state";491285;"statement";;"Demo:131";"I_N52";"Demo:533";5025;"maps on scale to";;2000002000;2000;;;570387;"1/h";"per definitie voertuigen per uur";"proposed";;"9-jan-06";"9-jan-06";"Piet van Merendonk";"Gellish Forum";"Demo:101";"facts about demo of a road"
53;589211;"internationaal";"Demo:202";"The Dutch state";491285;"statement";;"Demo:130";"I_N51";"Demo:534";5025;"maps on scale to";;2000003000;3000;;;570387;"1/h";"per definitie voertuigen per uur";"proposed";;"9-jan-06";"9-jan-06";"Piet van Merendonk";"Gellish Forum";"Demo:101";"facts about demo of a road"
51;589211;"internationaal";"Demo:202";"The Dutch state";491285;"statement";;"Demo:129";"I_N5";"Demo:535";5025;"maps on scale to";;2000005000;5000;;;570387;"1/h";"per definitie voertuigen per uur";"proposed";;"9-jan-06";"9-jan-06";"Piet van Merendonk";"Gellish Forum";"Demo:101";"facts about demo of a road"
14;589211;"internationaal";"Demo:202";"The Dutch state";491285;"statement";;"Demo:113";"N52";"Demo:536";1225;"is classified as a";;45282;"dual carriageway";"that is located in the province of Groningen.";;;;;"proposed";;"9-jan-06";"9-jan-06";"Piet van Merendonk";"Gellish Forum";"Demo:101";"facts about demo of a road"
12;589211;"internationaal";"Demo:202";"The Dutch state";491285;"statement";;"Demo:112";"N51";"Demo:537";1225;"is classified as a";;45412;"road with three separated carriageways";"that is located in the province of Groningen.";;;;;"proposed";;"9-jan-06";"9-jan-06";"Piet van Merendonk";"Gellish Forum";"Demo:101";"facts about demo of a road"
43;589211;"internationaal";"Demo:202";"The Dutch state";491285;"statement";;"Demo:113";"N52";"Demo:538";4907;"is owned by";;"Demo:164";"Groningen";;;;;;"proposed";;"9-jan-06";"9-jan-06";"Piet van Merendonk";"Gellish Forum";"Demo:101";"facts about demo of a road"
41;589211;"internationaal";"Demo:202";"The Dutch state";491285;"statement";;"Demo:111";"N7";"Demo:539";4907;"is owned by";;"Demo:202";"The Dutch state";;;;;;"proposed";;"9-jan-06";"9-jan-06";"Piet van Merendonk";"Gellish Forum";"Demo:101";"facts about demo of a road"
42;589211;"internationaal";"Demo:202";"The Dutch state";491285;"statement";;"Demo:112";"N51";"Demo:541";4907;"is owned by";;"Demo:165";"Province Groningen";;;;;;"proposed";;"9-jan-06";"9-jan-06";"Piet van Merendonk";"Gellish Forum";"Demo:101";"facts about demo of a road"
15;589211;"internationaal";"Demo:202";"The Dutch state";491285;"statement";;"Demo:114";"R1";"Demo:542";1225;"is classified as a";;44132;"roundabout";;;;;;"proposed";;"9-jan-06";"9-jan-06";"Piet van Merendonk";"Gellish Forum";"Demo:101";"facts about demo of a road"
16;589211;"internationaal";"Demo:202";"The Dutch state";491285;"statement";;"Demo:115";"R2";"Demo:543";1225;"is classified as a";;44132;"roundabout";;;;;;"proposed";;"9-jan-06";"9-jan-06";"Piet van Merendonk";"Gellish Forum";"Demo:101";"facts about demo of a road"
33;589211;"internationaal";"Demo:202";"The Dutch state";491285;"statement";;"Demo:122";"U1_1";"Demo:544";1225;"is classified as a";;40054;"exit";;;;;;"proposed";;"9-jan-06";"9-jan-06";"Piet van Merendonk";"Gellish Forum";"Demo:101";"facts about demo of a road"
34;589211;"internationaal";"Demo:202";"The Dutch state";491285;"statement";;"Demo:123";"U2_1";"Demo:545";1225;"is classified as a";;40054;"exit";;;;;;"proposed";;"9-jan-06";"9-jan-06";"Piet van Merendonk";"Gellish Forum";"Demo:101";"facts about demo of a road"
35;589211;"internationaal";"Demo:202";"The Dutch state";491285;"statement";;"Demo:124";"U2_2";"Demo:546";1225;"is classified as a";;40054;"exit";;;;;;"proposed";;"9-jan-06";"9-jan-06";"Piet van Merendonk";"Gellish Forum";"Demo:101";"facts about demo of a road"
36;589211;"internationaal";"Demo:202";"The Dutch state";491285;"statement";;"Demo:125";"U2_3";"Demo:547";1225;"is classified as a";;40054;"exit";;;;;;"proposed";;"9-jan-06";"9-jan-06";"Piet van Merendonk";"Gellish Forum";"Demo:101";"facts about demo of a road"
60;589211;"internationaal";"Demo:202";"The Dutch state";491285;"statement";;"Demo:132";"A1_1";"Demo:548";1225;"is classified as a";;553897;"outgoing traffic";;;;;;"proposed";;"9-jan-06";"9-jan-06";"Piet van Merendonk";"Gellish Forum";"Demo:101";"facts about demo of a road"
62;589211;"internationaal";"Demo:202";"The Dutch state";491285;"statement";;"Demo:133";"A2_1";"Demo:549";1225;"is classified as a";;553897;"outgoing traffic";;;;;;"proposed";;"9-jan-06";"9-jan-06";"Piet van Merendonk";"Gellish Forum";"Demo:101";"facts about demo of a road"
64;589211;"internationaal";"Demo:202";"The Dutch state";491285;"statement";;"Demo:134";"A2_2";"Demo:550";1225;"is classified as a";;553897;"outgoing traffic";;;;;;"proposed";;"9-jan-06";"9-jan-06";"Piet van Merendonk";"Gellish Forum";"Demo:101";"facts about demo of a road"
66;589211;"internationaal";"Demo:202";"The Dutch state";491285;"statement";;"Demo:135";"A2_3";"Demo:551";1225;"is classified as a";;553897;"outgoing traffic";;;;;;"proposed";;"9-jan-06";"9-jan-06";"Piet van Merendonk";"Gellish Forum";"Demo:101";"facts about demo of a road"
50;589211;"internationaal";"Demo:202";"The Dutch state";491285;"statement";;"Demo:129";"I_N5";"Demo:552";1225;"is classified as a";;553898;"traffic intensity";;;;;;"proposed";;"9-jan-06";"9-jan-06";"Piet van Merendonk";"Gellish Forum";"Demo:101";"facts about demo of a road"
52;589211;"internationaal";"Demo:202";"The Dutch state";491285;"statement";;"Demo:130";"I_N51";"Demo:553";1225;"is classified as a";;553898;"traffic intensity";;;;;;"proposed";;"9-jan-06";"9-jan-06";"Piet van Merendonk";"Gellish Forum";"Demo:101";"facts about demo of a road"
54;589211;"internationaal";"Demo:202";"The Dutch state";491285;"statement";;"Demo:131";"I_N52";"Demo:554";1225;"is classified as a";;553898;"traffic intensity";;;;;;"proposed";;"9-jan-06";"9-jan-06";"Piet van Merendonk";"Gellish Forum";"Demo:101";"facts about demo of a road"
44;589211;"internationaal";"Demo:202";"The Dutch state";491285;"statement";;"Demo:126";"S_N5";"Demo:555";1225;"is classified as a";;45414;"traffic stream";;;;;;"proposed";;"9-jan-06";"9-jan-06";"Piet van Merendonk";"Gellish Forum";"Demo:101";"facts about demo of a road"
44;589211;"internationaal";"Demo:202";"The Dutch state";491285;"statement";;"Demo:126";"S_N5";"Demo:656";4668;"is located at";;45414;"traffic stream";;;;;;"proposed";;"9-jan-06";"9-jan-06";"Piet van Merendonk";"Gellish Forum";"Demo:101";"facts about demo of a road"
45;589211;"internationaal";"Demo:202";"The Dutch state";491285;"statement";;"Demo:127";"S_N51";"Demo:556";1225;"is classified as a";;45414;"traffic stream";;;;;;"proposed";;"9-jan-06";"9-jan-06";"Piet van Merendonk";"Gellish Forum";"Demo:101";"facts about demo of a road"
45;589211;"internationaal";"Demo:202";"The Dutch state";491285;"statement";;"Demo:127";"S_N51";"Demo:657";4668;"is located at";;45414;"traffic stream";;;;;;"proposed";;"9-jan-06";"9-jan-06";"Piet van Merendonk";"Gellish Forum";"Demo:101";"facts about demo of a road"
46;589211;"internationaal";"Demo:202";"The Dutch state";491285;"statement";;"Demo:128";"S_N52";"Demo:557";1225;"is classified as a";;45414;"traffic stream";;;;;;"proposed";;"9-jan-06";"9-jan-06";"Piet van Merendonk";"Gellish Forum";"Demo:101";"facts about demo of a road"
46;589211;"internationaal";"Demo:202";"The Dutch state";491285;"statement";;"Demo:128";"S_N52";"Demo:658";4668;"is located at";;45414;"traffic stream";;;;;;"proposed";;"9-jan-06";"9-jan-06";"Piet van Merendonk";"Gellish Forum";"Demo:101";"facts about demo of a road"
11;589211;"internationaal";"Demo:202";"The Dutch state";491285;"statement";;"Demo:111";"N7";"Demo:558";1225;"is classified as a";;45282;"dual carriageway";"that is the part of the ‘Rijksweg 7’ that forms the southern ringroad around the city of Groningen.";;;;;"proposed";;"9-jan-06";"9-jan-06";"Piet van Merendonk";"https://www.wegenwiki.nl/A7_(Nederland)#Ring_Groningen";"Demo:101";"facts about demo of a road"
27;589211;"internationaal";"Demo:202";"The Dutch state";491285;"statement";;"Demo:116";"E5_1";"Demo:559";1588;"has a role as a";;45449;"road begin";;;;;;"proposed";;"9-jan-06";"9-jan-06";"Piet van Merendonk";"Gellish Forum";"Demo:101";"facts about demo of a road"
28;589211;"internationaal";"Demo:202";"The Dutch state";491285;"statement";;"Demo:117";"E5_2";"Demo:560";1588;"has a role as a";;45415;"road end";;;;;;"proposed";;"9-jan-06";"9-jan-06";"Piet van Merendonk";"Gellish Forum";"Demo:101";"facts about demo of a road"
29;589211;"internationaal";"Demo:202";"The Dutch state";491285;"statement";;"Demo:118";"E51_1";"Demo:561";1588;"has a role as a";;45449;"road begin";;;;;;"proposed";;"9-jan-06";"9-jan-06";"Piet van Merendonk";"Gellish Forum";"Demo:101";"facts about demo of a road"
30;589211;"internationaal";"Demo:202";"The Dutch state";491285;"statement";;"Demo:119";"E51_2";"Demo:562";1588;"has a role as a";;45415;"road end";;;;;;"proposed";;"9-jan-06";"9-jan-06";"Piet van Merendonk";"Gellish Forum";"Demo:101";"facts about demo of a road"
31;589211;"internationaal";"Demo:202";"The Dutch state";491285;"statement";;"Demo:120";"E52_1";"Demo:563";1588;"has a role as a";;45450;"road begin";;;;;;"proposed";;"9-jan-06";"9-jan-06";"Piet van Merendonk";"Gellish Forum";"Demo:101";"facts about demo of a road"
32;589211;"internationaal";"Demo:202";"The Dutch state";491285;"statement";;"Demo:121";"E52_2";"Demo:564";1588;"has a role as a";;45415;"road end";;;;;;"proposed";;"9-jan-06";"9-jan-06";"Piet van Merendonk";"Gellish Forum";"Demo:101";"facts about demo of a road"
;910036;"English";"Demo:202";"The Dutch state";491285;"statement";;"Demo:136";"Substructure-N51";"Demo:565";1225;"is classified as a";;45417;"substructure";;;;;;"proposed";;"26-jan-06";"26-jan-06";"Andries van Renssen";"Gellish Forum";"Demo:101";"facts about demo of a road"
;910036;"English";"Demo:202";"The Dutch state";491285;"statement";;"Demo:136";"Substructure-N51";"Demo:566";1260;"is a part of";;"Demo:112";"N51";;;;;;"proposed";;"26-jan-06";"26-jan-06";"Andries van Renssen";"Gellish Forum";"Demo:101";"facts about demo of a road"
78;910036;"English";"Demo:202";"The Dutch state";491285;"statement";;"Demo:201";"Municipality Ermelo";"Demo:575";1225;"is classified as a";;990062;"municipality";;;;;;"proposed";;"9-jan-06";"9-jan-06";"Piet van Merendonk";"Gellish Forum";"Demo:101";"facts about demo of a road"
79;910036;"English";"Demo:202";"The Dutch state";491285;"statement";;"Demo:202";"The Dutch state";"Demo:576";1225;"is classified as a";;700142;"state";;;;;;"proposed";;"9-jan-06";"9-jan-06";"Piet van Merendonk";"Gellish Forum";"Demo:101";"facts about demo of a road"
80;910036;"English";"Demo:202";"The Dutch state";491285;"statement";;"Demo:203";"Province Groningen";"Demo:577";1225;"is classified as a";;700141;"province";;;;;;"proposed";;"9-jan-06";"9-jan-06";"Piet van Merendonk";"Gellish Forum";"Demo:101";"facts about demo of a road"
80;910036;"English";"Demo:202";"The Dutch state";491285;"statement";;"Demo:254";"facts about Road network_1";"Demo:578";1225;"is classified as a";;970178;"collection of facts";;;;;;"proposed";;"9-jan-06";"9-jan-06";"Piet van Merendonk";"Gellish Forum";"Demo:101";"facts about demo of a road"
71;589211;"internationaal";"Demo:202";"The Dutch state";491285;"statement";;"Demo:137";"M5_1";"Demo:579";1225;"is classified as a";;45449;"central reservation";;;;;;"proposed";;"9-jan-06";"9-jan-06";"Piet van Merendonk";"Gellish Forum";"Demo:101";"facts about demo of a road"
72;589211;"internationaal";"Demo:202";"The Dutch state";491285;"statement";;"Demo:137";"M5_1";"Demo:580";1260;"is a part of";;"Demo:111";"N7";;;;;;"proposed";;"9-jan-06";"9-jan-06";"Piet van Merendonk";"Gellish Forum";"Demo:101";"facts about demo of a road"
71;589211;"internationaal";"Demo:202";"The Dutch state";491285;"statement";;"Demo:114";"R1";"Demo:581";1505;"is the start point of";;"Demo:111";"N7";;;;;;"proposed";;"9-jan-06";"9-jan-06";"Piet van Merendonk";"Gellish Forum";"Demo:101";"facts about demo of a road"
72;589211;"internationaal";"Demo:202";"The Dutch state";491285;"statement";;"Demo:115";"R2";"Demo:582";1490;"is the end point of";;"Demo:111";"N7";;;;;;"proposed";;"9-jan-06";"9-jan-06";"Piet van Merendonk";"Gellish Forum";"Demo:101";"facts about demo of a road"
71;589211;"internationaal";"Demo:202";"The Dutch state";491285;"statement";;"Demo:115";"R2";"Demo:583";1505;"is the start point of";;"Demo:112";"N51";;;;;;"proposed";;"9-jan-06";"9-jan-06";"Piet van Merendonk";"Gellish Forum";"Demo:101";"facts about demo of a road"
72;589211;"internationaal";"Demo:202";"The Dutch state";491285;"statement";;"Demo:115";"R2";"Demo:584";1505;"is the start point of";;"Demo:113";"N52";;;;;;"proposed";;"9-jan-06";"9-jan-06";"Piet van Merendonk";"Gellish Forum";"Demo:101";"facts about demo of a road"
71;589211;"internationaal";"Demo:202";"The Dutch state";491285;"statement";;"Demo:116";"E5_1";"Demo:585";1260;"is a part of";;"Demo:114";"R1";;;;;;"proposed";;"9-jan-06";"9-jan-06";"Piet van Merendonk";"Gellish Forum";"Demo:101";"facts about demo of a road"
72;589211;"internationaal";"Demo:202";"The Dutch state";491285;"statement";;"Demo:117";"E5_2";"Demo:586";1260;"is a part of";;"Demo:115";"R2";;;;;;"proposed";;"9-jan-06";"9-jan-06";"Piet van Merendonk";"Gellish Forum";"Demo:101";"facts about demo of a road"
71;589211;"internationaal";"Demo:202";"The Dutch state";491285;"statement";;"Demo:118";"E51_1";"Demo:587";1260;"is a part of";;"Demo:115";"R2";;;;;;"proposed";;"9-jan-06";"9-jan-06";"Piet van Merendonk";"Gellish Forum";"Demo:101";"facts about demo of a road"
72;589211;"internationaal";"Demo:202";"The Dutch state";491285;"statement";;"Demo:120";"E52_1";"Demo:588";1260;"is a part of";;"Demo:115";"R2";;;;;;"proposed";;"9-jan-06";"9-jan-06";"Piet van Merendonk";"Gellish Forum";"Demo:101";"facts about demo of a road"
84;910036;"English";492014;"Gellish";491285;"statement";;"Demo:168";"..\GellishData";"Demo:589";1225;"is classified as a";;492017;"directory";;;;;;"accepted";;"22 nov 14";"22 nov 14";"Andries van Renssen";"Andries van Renssen";"Demo:101";"facts about demo of a road"
89;910036;"English";492014;"Gellish";491285;"statement";;"Demo:169";"Semantic model of a road network with house";"Demo:590";1726;"is a qualitative subtype of";;490211;"document";;;;;;"accepted";;"22 nov 14";"22 nov 14";"Andries van Renssen";"Andries van Renssen";"Demo:101";"facts about demo of a road"
90;910036;"English";492014;"Gellish";491285;"statement";;"Demo:169";"Semantic model of a road network with house";"Demo:591";5046;"includes information about";;"Demo:110";"Road net_1";;;;;;"accepted";;"22 nov 14";"22 nov 14";"Andries van Renssen";"Andries van Renssen";"Demo:101";"facts about demo of a road"
91;910036;"English";492014;"Gellish";491285;"statement";;"Demo:169";"Semantic model of a road network with house";"Demo:592";4996;"is presented on";;"Demo:170";"Semantic model of a road network with house-UTF-8.csv";;;;;;"accepted";;"22 nov 14";"22 nov 14";"Andries van Renssen";"Andries van Renssen";"Demo:101";"facts about demo of a road"
92;910036;"English";492014;"Gellish";491285;"statement";;"Demo:170";"Semantic model of a road network with house-UTF-8.csv";"Demo:593";1225;"is classified as a";;490533;"electronic data file";;;;;;"accepted";;"22 nov 14";"22 nov 14";"Andries van Renssen";"Andries van Renssen";"Demo:101";"facts about demo of a road"
93;910036;"English";492014;"Gellish";491285;"statement";;"Demo:170";"Semantic model of a road network with house-UTF-8.csv";"Demo:594";1227;"is an element of";;"Demo:168";"..\GellishData";;;;;;"accepted";;"22 nov 14";"22 nov 14";"Andries van Renssen";"Andries van Renssen";"Demo:101";"facts about demo of a road"
94;910036;"English";492014;"Gellish";491285;"statement";;"Demo:171";"Semantic model of a road network";"Demo:595";1726;"is a qualitative subtype of";;490211;"document";;;;;;"accepted";;"22 nov 14";"22 nov 14";"Andries van Renssen";"Andries van Renssen";"Demo:101";"facts about demo of a road"
95;910036;"English";492014;"Gellish";491285;"statement";;"Demo:171";"Semantic model of a road network";"Demo:596";5046;"includes information about";;"Demo:110";"Road net_1";;;;;;"accepted";;"22 nov 14";"22 nov 14";"Andries van Renssen";"Andries van Renssen";"Demo:101";"facts about demo of a road"
96;910036;"English";492014;"Gellish";491285;"statement";;"Demo:171";"Semantic model of a road network";"Demo:597";4996;"is presented on";;"Demo:172";"Semantic model of a road network.pdf";;;;;;"accepted";;"22 nov 14";"22 nov 14";"Andries van Renssen";"Andries van Renssen";"Demo:101";"facts about demo of a road"
97;910036;"English";492014;"Gellish";491285;"statement";;"Demo:172";"Semantic model of a road network.pdf";"Demo:598";1225;"is classified as a";;490533;"electronic data file";;;;;;"accepted";;"22 nov 14";"22 nov 14";"Andries van Renssen";"Andries van Renssen";"Demo:101";"facts about demo of a road"
98;910036;"English";492014;"Gellish";491285;"statement";;"Demo:172";"Semantic model of a road network.pdf";"Demo:599";1227;"is an element of";;"Demo:168";"..\GellishData";;;;;;"accepted";;"22 nov 14";"22 nov 14";"Andries van Renssen";"Andries van Renssen";"Demo:101";"facts about demo of a road"
99;910036;"English";"Demo:202";"The Dutch state";491285;"statement";;"Demo:138";"Transport on N51";"Demo:600";1225;"is classified as a";;193426;"transport";;;;;;"proposed";;"17 mrt 15";"17 mrt 15";"Andries van Renssen";"Andries van Renssen";"Demo:101";"facts about demo of a road"
100;910036;"English";"Demo:202";"The Dutch state";491285;"statement";;"Demo:138";"Transport on N51";"Demo:601";4760;"has as subject";;"Demo:127";"S_N51";;;;;;"proposed";;"17 mrt 15";"17 mrt 15";"Andries van Renssen";"Andries van Renssen";"Demo:101";"facts about demo of a road"
101;910036;"English";"Demo:202";"The Dutch state";491285;"statement";;"Demo:138";"Transport on N51";"Demo:602";5169;"is facilitated by";;"Demo:112";"N51";;;;;;"proposed";;"17 mrt 15";"17 mrt 15";"Andries van Renssen";"Andries van Renssen";"Demo:101";"facts about demo of a road"
102;589211;"internationaal";"Demo:202";"The Dutch state";491285;"statement";;"Demo:112";"N51";"Demo:603";1260;"has as part";;"Demo:139";"Lane N51-1";;;;;;"proposed";;"17 mrt 15";"17 mrt 15";"Andries van Renssen";"Andries van Renssen";"Demo:101";"facts about demo of a road"
103;589211;"internationaal";"Demo:202";"The Dutch state";491285;"statement";;"Demo:112";"N51";"Demo:604";1260;"has as part";;"Demo:140";"Lane N51-2";;;;;;"proposed";;"17 mrt 15";"17 mrt 15";"Andries van Renssen";"Andries van Renssen";"Demo:101";"facts about demo of a road"
104;910036;"English";"Demo:202";"The Dutch state";491285;"statement";;"Demo:139";"Lane N51-1";"Demo:605";1225;"is classified as a";;43427;"lane";;;;;;"proposed";;"17 mrt 15";"17 mrt 15";"Andries van Renssen";"Andries van Renssen";"Demo:101";"facts about demo of a road"
105;910036;"English";"Demo:202";"The Dutch state";491285;"statement";;"Demo:140";"Lane N51-2";"Demo:606";1225;"is classified as a";;43427;"lane";;;;;;"proposed";;"17 mrt 15";"17 mrt 15";"Andries van Renssen";"Andries van Renssen";"Demo:101";"facts about demo of a road"
106;910036;"English";"Demo:202";"The Dutch state";491285;"statement";;"Demo:139";"Lane N51-1";"Demo:607";4798;"has as property";;"Demo:141";"N51-b1";;;;;;"proposed";;"17 mrt 15";"17 mrt 15";"Andries van Renssen";"Andries van Renssen";"Demo:101";"facts about demo of a road"
107;910036;"English";"Demo:202";"The Dutch state";491285;"statement";;"Demo:140";"Lane N51-2";"Demo:608";4798;"has as property";;"Demo:142";"N51-b2";;;;;;"proposed";;"17 mrt 15";"17 mrt 15";"Andries van Renssen";"Andries van Renssen";"Demo:101";"facts about demo of a road"
108;589211;"internationaal";"Demo:202";"The Dutch state";491285;"statement";;"Demo:141";"N51-b1";"Demo:609";1225;"is classified as a";;550464;"width";;;;;;"proposed";;"17 mrt 15";"17 mrt 15";"Andries van Renssen";"Andries van Renssen";"Demo:101";"facts about demo of a road"
109;589211;"internationaal";"Demo:202";"The Dutch state";491285;"statement";;"Demo:142";"N51-b2";"Demo:610";1225;"is classified as a";;550464;"width";;;;;;"proposed";;"17 mrt 15";"17 mrt 15";"Andries van Renssen";"Andries van Renssen";"Demo:101";"facts about demo of a road"
110;589211;"internationaal";"Demo:202";"The Dutch state";491285;"statement";;"Demo:141";"N51-b1";"Demo:611";5025;"has on scale a value equal to";;926318;3,2;;;570036;"m";;"proposed";;"17 mrt 15";"17 mrt 15";"Andries van Renssen";"Andries van Renssen";"Demo:101";"facts about demo of a road"
111;589211;"internationaal";"Demo:202";"The Dutch state";491285;"statement";;"Demo:142";"N51-b2";"Demo:612";5025;"has on scale a value equal to";;926318;3,2;;;570036;"m";;"proposed";;"17 mrt 15";"17 mrt 15";"Andries van Renssen";"Andries van Renssen";"Demo:101";"facts about demo of a road"
113;589211;"internationaal";"Demo:202";"The Dutch state";491285;"statement";;"Demo:112";"N51";"Demo:613";1727;"has as aspect";;"Demo:143";"cap N51";;;;;;"proposed";;"17 mrt 15";"17 mrt 15";"Andries van Renssen";"Andries van Renssen";"Demo:101";"facts about demo of a road"
114;589211;"internationaal";"Demo:202";"The Dutch state";491285;"statement";;"Demo:112";"N51";"Demo:614";1727;"has as aspect";;"Demo:144";"quality N51-2";;;;;;"proposed";;"17 mrt 15";"17 mrt 15";"Andries van Renssen";"Andries van Renssen";"Demo:101";"facts about demo of a road"
115;910036;"English";"Demo:202";"The Dutch state";491285;"statement";;"Demo:143";"cap N51";"Demo:615";1225;"is classified as a";;790728;"capacity";;;;;;"proposed";;"17 mrt 15";"17 mrt 15";"Andries van Renssen";"Andries van Renssen";"Demo:101";"facts about demo of a road"
116;910036;"English";"Demo:202";"The Dutch state";491285;"statement";;"Demo:144";"quality N51-2";"Demo:616";1225;"is classified as a";;551008;"quality";;;;;;"proposed";;"17 mrt 15";"17 mrt 15";"Andries van Renssen";"Andries van Renssen";"Demo:101";"facts about demo of a road"
117;910036;"English";"Demo:202";"The Dutch state";491285;"statement";;"Demo:143";"cap N51";"Demo:617";5025;"has on scale a value equal to";;2000000350;350;;;570387;"1/h";;"proposed";;"17 mrt 15";"17 mrt 15";"Andries van Renssen";"Andries van Renssen";"Demo:101";"facts about demo of a road"
118;910036;"English";"Demo:202";"The Dutch state";491285;"statement";;"Demo:144";"quality N51-2";"Demo:618";5020;"is qualified as";;587380;"moderate";;;;;;"proposed";;"17 mrt 15";"17 mrt 15";"Andries van Renssen";"Andries van Renssen";"Demo:101";"facts about demo of a road"
119;910036;"English";"Demo:202";"The Dutch state";491285;"statement";;"Demo:139";"Lane N51-1";"Demo:619";4798;"has as property";;"Demo:145";"N51-l1";;;;;;"proposed";;"17 mrt 15";"17 mrt 15";"Andries van Renssen";"Andries van Renssen";"Demo:101";"facts about demo of a road"
120;910036;"English";"Demo:202";"The Dutch state";491285;"statement";;"Demo:140";"Lane N51-2";"Demo:620";4798;"has as property";;"Demo:146";"N51-l2";;;;;;"proposed";;"17 mrt 15";"17 mrt 15";"Andries van Renssen";"Andries van Renssen";"Demo:101";"facts about demo of a road"
121;589211;"internationaal";"Demo:202";"The Dutch state";491285;"statement";;"Demo:145";"N51-l1";"Demo:621";1225;"is classified as a";;551353;"length";;;;;;"proposed";;"17 mrt 15";"17 mrt 15";"Andries van Renssen";"Andries van Renssen";"Demo:101";"facts about demo of a road"
122;589211;"internationaal";"Demo:202";"The Dutch state";491285;"statement";;"Demo:145";"N51-l1";"Demo:622";5025;"has on scale a value equal to";;920577;4,6;;;570415;"km";;"proposed";;"17 mrt 15";"17 mrt 15";"Andries van Renssen";"Andries van Renssen";"Demo:101";"facts about demo of a road"
123;910036;"English";"Demo:202";"The Dutch state";491285;"statement";;"Demo:139";"Lane N51-1";"Demo:623";1260;"has as part";;"Demo:147";"N51-1top";;;;;;"proposed";;"17 mrt 15";"17 mrt 15";"Andries van Renssen";"Andries van Renssen";"Demo:101";"facts about demo of a road"
124;910036;"English";"Demo:202";"The Dutch state";491285;"statement";;"Demo:147";"N51-1top";"Demo:624";1225;"is classified as a";;10600148;"top layer";;;;;;"proposed";;"17 mrt 15";"17 mrt 15";"Andries van Renssen";"Andries van Renssen";"Demo:101";"facts about demo of a road"
125;910036;"English";"Demo:202";"The Dutch state";491285;"statement";;"Demo:147";"N51-1top";"Demo:625";4798;"has as property";;"Demo:149";"N51-1topD";;;;;;"proposed";;"17 mrt 15";"17 mrt 15";"Andries van Renssen";"Andries van Renssen";"Demo:101";"facts about demo of a road"
126;910036;"English";"Demo:202";"The Dutch state";491285;"statement";;"Demo:149";"N51-1topD";"Demo:626";1225;"is classified as a";;550275;"thickness";;;;;;"proposed";;"17 mrt 15";"17 mrt 15";"Andries van Renssen";"Andries van Renssen";"Demo:101";"facts about demo of a road"
127;910036;"English";"Demo:202";"The Dutch state";491285;"statement";;"Demo:149";"N51-1topD";"Demo:627";5025;"has on scale a value equal to";;2000000020;20;;;570423;"mm";;"proposed";;"17 mrt 15";"17 mrt 15";"Andries van Renssen";"Andries van Renssen";"Demo:101";"facts about demo of a road"
128;910036;"English";"Demo:202";"The Dutch state";491285;"statement";;"Demo:150";"Maintenance N51";"Demo:628";1225;"is classified as a";;193710;"maintenance";;;;;;"proposed";;"31 mrt 15";"31 mrt 15";"Andries van Renssen";"Andries van Renssen";"Demo:101";"facts about demo of a road"
129;910036;"English";"Demo:202";"The Dutch state";491285;"statement";;"Demo:150";"Maintenance N51";"Demo:629";4760;"has as subject";;"Demo:112";"N51";;;;;;"proposed";;"31 mrt 15";"31 mrt 15";"Andries van Renssen";"Andries van Renssen";"Demo:101";"facts about demo of a road"
130;910036;"English";"Demo:202";"The Dutch state";491285;"statement";;"Demo:150";"Maintenance N51";"Demo:630";4798;"has as property";;"Demo:151";"T-1";;;;;;"proposed";;"31 mrt 15";"31 mrt 15";"Andries van Renssen";"Andries van Renssen";"Demo:101";"facts about demo of a road"
131;589211;"internationaal";"Demo:202";"The Dutch state";491285;"statement";;"Demo:151";"T-1";"Demo:631";1225;"is classified as a";;550005;"duration";;;;;;"proposed";;"31 mrt 15";"31 mrt 15";"Andries van Renssen";"Andries van Renssen";"Demo:101";"facts about demo of a road"
132;589211;"internationaal";"Demo:202";"The Dutch state";491285;"statement";;"Demo:151";"T-1";"Demo:632";5025;"has on scale a value equal to";;2000000003;3;;;570402;"day";;"proposed";;"31 mrt 15";"31 mrt 15";"Andries van Renssen";"Andries van Renssen";"Demo:101";"facts about demo of a road"
133;910036;"English";"Demo:202";"The Dutch state";491285;"statement";;"Demo:150";"Maintenance N51";"Demo:633";1260;"has as part";;"Demo:152";"Prep-N51";;;;;;"proposed";;"31 mrt 15";"31 mrt 15";"Andries van Renssen";"Andries van Renssen";"Demo:101";"facts about demo of a road"
134;910036;"English";"Demo:202";"The Dutch state";491285;"statement";;"Demo:150";"Maintenance N51";"Demo:634";1260;"has as part";;"Demo:153";"Rep-N51";;;;;;"proposed";;"31 mrt 15";"31 mrt 15";"Andries van Renssen";"Andries van Renssen";"Demo:101";"facts about demo of a road"
135;910036;"English";"Demo:202";"The Dutch state";491285;"statement";;"Demo:150";"Maintenance N51";"Demo:635";1260;"has as part";;"Demo:158";"Inspection-N51";;;;;;"proposed";;"31 mrt 15";"31 mrt 15";"Andries van Renssen";"Andries van Renssen";"Demo:101";"facts about demo of a road"
136;910036;"English";"Demo:202";"The Dutch state";491285;"statement";;"Demo:150";"Maintenance N51";"Demo:636";1260;"has as part";;"Demo:157";"Usage-N51";;;;;;"proposed";;"31 mrt 15";"31 mrt 15";"Andries van Renssen";"Andries van Renssen";"Demo:101";"facts about demo of a road"
137;910036;"English";"Demo:202";"The Dutch state";491285;"statement";;"Demo:152";"Prep-N51";"Demo:637";1225;"is classified as a";;193586;"preparation";;;;;;"proposed";;"31 mrt 15";"31 mrt 15";"Andries van Renssen";"Andries van Renssen";"Demo:101";"facts about demo of a road"
138;910036;"English";"Demo:202";"The Dutch state";491285;"statement";;"Demo:153";"Rep-N51";"Demo:638";1225;"is classified as a";;193769;"repair";;;;;;"proposed";;"31 mrt 15";"31 mrt 15";"Andries van Renssen";"Andries van Renssen";"Demo:101";"facts about demo of a road"
139;910036;"English";"Demo:202";"The Dutch state";491285;"statement";;"Demo:158";"Inspection-N51";"Demo:639";1225;"is classified as a";;193412;"inspection";;;;;;"proposed";;"31 mrt 15";"31 mrt 15";"Andries van Renssen";"Andries van Renssen";"Demo:101";"facts about demo of a road"
140;910036;"English";"Demo:202";"The Dutch state";491285;"statement";;"Demo:157";"Usage-N51";"Demo:640";1225;"is classified as a";;194209;"usage";;;;;;"proposed";;"31 mrt 15";"31 mrt 15";"Andries van Renssen";"Andries van Renssen";"Demo:101";"facts about demo of a road"
141;910036;"English";"Demo:202";"The Dutch state";491285;"statement";;"Demo:152";"Prep-N51";"Demo:641";5098;"has as start date";;"Demo:154";"Tbegin";;;;;;"proposed";;"31 mrt 15";"31 mrt 15";"Andries van Renssen";"Andries van Renssen";"Demo:101";"facts about demo of a road"
142;910036;"English";"Demo:202";"The Dutch state";491285;"statement";;"Demo:154";"Tbegin";"Demo:642";1225;"is classified as a";;550571;"date";;;570402;"day";;"proposed";;"31 mrt 15";"31 mrt 15";"Andries van Renssen";"Andries van Renssen";"Demo:101";"facts about demo of a road"
143;910036;"English";"Demo:202";"The Dutch state";491285;"statement";;"Demo:154";"Tbegin";"Demo:643";5025;"has on scale a value equal to";;20150331;"31 Mar 2015";;;572007;"CET+01";;"proposed";;"31 mrt 15";"31 mrt 15";"Andries van Renssen";"Andries van Renssen";"Demo:101";"facts about demo of a road"
144;910036;"English";"Demo:202";"The Dutch state";491285;"statement";;"Demo:153";"Rep-N51";"Demo:644";5815;"is a successor in time of";;"Demo:152";"Prep-N51";;;;;;"proposed";;"31 mrt 15";"31 mrt 15";"Andries van Renssen";"Andries van Renssen";"Demo:101";"facts about demo of a road"
145;910036;"English";"Demo:202";"The Dutch state";491285;"statement";;"Demo:158";"Inspection-N51";"Demo:645";5815;"is a successor in time of";;"Demo:153";"Rep-N51";;;;;;"proposed";;"31 mrt 15";"31 mrt 15";"Andries van Renssen";"Andries van Renssen";"Demo:101";"facts about demo of a road"
146;910036;"English";"Demo:202";"The Dutch state";491285;"statement";;"Demo:157";"Usage-N51";"Demo:646";5815;"is a successor in time of";;"Demo:158";"Inspection-N51";;;;;;"proposed";;"31 mrt 15";"31 mrt 15";"Andries van Renssen";"Andries van Renssen";"Demo:101";"facts about demo of a road"
147;910036;"English";"Demo:202";"The Dutch state";491285;"statement";;"Demo:152";"Prep-N51";"Demo:647";4786;"has as output";;"Demo:155";"Start signal Rep-N51";;;;;;"proposed";;"31 mrt 15";"31 mrt 15";"Andries van Renssen";"Andries van Renssen";"Demo:101";"facts about demo of a road"
148;910036;"English";"Demo:202";"The Dutch state";491285;"statement";;"Demo:153";"Rep-N51";"Demo:648";4785;"has as input";;"Demo:155";"Start signal Rep-N51";;;;;;"proposed";;"31 mrt 15";"31 mrt 15";"Andries van Renssen";"Andries van Renssen";"Demo:101";"facts about demo of a road"
149;910036;"English";"Demo:202";"The Dutch state";491285;"statement";;"Demo:153";"Rep-N51";"Demo:649";4786;"has as output";;"Demo:156";"Ready signal Rep-N51";;;;;;"proposed";;"31 mrt 15";"31 mrt 15";"Andries van Renssen";"Andries van Renssen";"Demo:101";"facts about demo of a road"
150;910036;"English";"Demo:202";"The Dutch state";491285;"statement";;"Demo:158";"Inspection-N51";"Demo:650";4785;"has as input";;"Demo:156";"Ready signal Rep-N51";;;;;;"proposed";;"31 mrt 15";"31 mrt 15";"Andries van Renssen";"Andries van Renssen";"Demo:101";"facts about demo of a road"
151;910036;"English";"Demo:202";"The Dutch state";491285;"statement";;"Demo:158";"Inspection-N51";"Demo:651";4786;"has as output";;"Demo:159";"Disapproval signal-N51";;;;;;"proposed";;"31 mrt 15";"31 mrt 15";"Andries van Renssen";"Andries van Renssen";"Demo:101";"facts about demo of a road"
152;910036;"English";"Demo:202";"The Dutch state";491285;"statement";;"Demo:158";"Inspection-N51";"Demo:652";4786;"has as output";;"Demo:160";"Approval signal-N51";;;;;;"proposed";;"31 mrt 15";"31 mrt 15";"Andries van Renssen";"Andries van Renssen";"Demo:101";"facts about demo of a road"
153;910036;"English";"Demo:202";"The Dutch state";491285;"statement";;"Demo:152";"Prep-N51";"Demo:653";4785;"has as input";;"Demo:159";"Disapproval signal-N51";;;;;;"proposed";;"31 mrt 15";"31 mrt 15";"Andries van Renssen";"Andries van Renssen";"Demo:101";"facts about demo of a road"
154;910036;"English";"Demo:202";"The Dutch state";491285;"statement";;"Demo:155";"Start signal Rep-N51";"Demo:654";1225;"is classified as a";;110600251;"start signal";;;;;;"proposed";;"31 mrt 15";"31 mrt 15";"Andries van Renssen";"Andries van Renssen";"Demo:101";"facts about demo of a road"
155;910036;"English";"Demo:202";"The Dutch state";491285;"statement";;"Demo:156";"Ready signal Rep-N51";"Demo:655";1225;"is classified as a";;110600252;"ready signal";;;;;;"proposed";;"31 mrt 15";"31 mrt 15";"Andries van Renssen";"Andries van Renssen";"Demo:101";"facts about demo of a road"
156;910036;"English";"Demo:202";"The Dutch state";491285;"statement";;"Demo:159";"Disapproval signal-N51";"Demo:693";1225;"is classified as a";;730047;"signal";;;;;;"proposed";;"31 mrt 15";"31 mrt 15";"Andries van Renssen";"Andries van Renssen";"Demo:101";"facts about demo of a road"
157;910036;"English";"Demo:202";"The Dutch state";491285;"statement";;"Demo:160";"Approval signal-N51";"Demo:694";1225;"is classified as a";;730047;"signal";;;;;;"proposed";;"31 mrt 15";"31 mrt 15";"Andries van Renssen";"Andries van Renssen";"Demo:101";"facts about demo of a road"
158;910036;"English";"Demo:202";"The Dutch state";491285;"statement";;"Demo:161";"Stop signal-N51";"Demo:695";1225;"is classified as a";;730047;"signal";;;;;;"proposed";;"31 mrt 15";"31 mrt 15";"Andries van Renssen";"Andries van Renssen";"Demo:101";"facts about demo of a road"
159;910036;"English";"Demo:202";"The Dutch state";491285;"statement";;"Demo:157";"Usage-N51";"Demo:659";4785;"has as input";;"Demo:160";"Approval signal-N51";;;;;;"proposed";;"31 mrt 15";"31 mrt 15";"Andries van Renssen";"Andries van Renssen";"Demo:101";"facts about demo of a road"
160;910036;"English";"Demo:202";"The Dutch state";491285;"statement";;"Demo:157";"Usage-N51";"Demo:660";4786;"has as output";;"Demo:161";"Stop signal-N51";;;;;;"proposed";;"31 mrt 15";"31 mrt 15";"Andries van Renssen";"Andries van Renssen";"Demo:101";"facts about demo of a road"
161;910036;"English";"Demo:202";"The Dutch state";491285;"statement";;"Demo:162";"Start signal Usage-N51";"Demo:661";1225;"is classified as a";;110600251;"start signal";;;;;;"proposed";;"31 mrt 15";"31 mrt 15";"Andries van Renssen";"Andries van Renssen";"Demo:101";"facts about demo of a road"
162;910036;"English";"Demo:202";"The Dutch state";491285;"statement";;"Demo:157";"Usage-N51";"Demo:662";4785;"has as input";;"Demo:162";"Start signal Usage-N51";;;;;;"proposed";;"31 mrt 15";"31 mrt 15";"Andries van Renssen";"Andries van Renssen";"Demo:101";"facts about demo of a road"
163;910036;"English";"Demo:202";"The Dutch state";491285;"statement";;"Demo:150";"Maintenance N51";"Demo:663";4785;"has as input";;"Demo:162";"Start signal Usage-N51";;;;;;"proposed";;"31 mrt 15";"31 mrt 15";"Andries van Renssen";"Andries van Renssen";"Demo:101";"facts about demo of a road"
164;910036;"English";"Demo:202";"The Dutch state";491285;"statement";;"Demo:150";"Maintenance N51";"Demo:664";4786;"has as output";;"Demo:161";"Stop signal-N51";;;;;;"proposed";;"31 mrt 15";"31 mrt 15";"Andries van Renssen";"Andries van Renssen";"Demo:101";"facts about demo of a road"
165;910036;"English";"Demo:202";"The Dutch state";491285;"statement";;"Demo:152";"Prep-N51";"Demo:665";4785;"has as input";;"Demo:163";"Maintenance signal-N51";;;;;;"proposed";;"31 mrt 15";"31 mrt 15";"Andries van Renssen";"Andries van Renssen";"Demo:101";"facts about demo of a road"
166;910036;"English";"Demo:202";"The Dutch state";491285;"statement";;"Demo:163";"Maintenance signal-N51";"Demo:666";1225;"is classified as a";;730047;"signal";;;;;;"proposed";;"31 mrt 15";"31 mrt 15";"Andries van Renssen";"Andries van Renssen";"Demo:101";"facts about demo of a road"
167;589211;"internationaal";"Demo:202";"The Dutch state";491285;"statement";;"Demo:112";"N51";"Demo:667";5138;"is located in";;"Demo:164";"Groningen";;;;;;"proposed";;"16 mei 15";"16 mei 15";"Andries van Renssen";"Andries van Renssen";"Demo:101";"facts about demo of a road"
168;589211;"internationaal";"Demo:202";"The Dutch state";491285;"statement";;"Demo:164";"Groningen";"Demo:668";1225;"is classified as a";;70008;"stad";;;;;;"proposed";;"16-5-2015";"16-5-2015";"Andries van Renssen";"Andries van Renssen";"Demo:101";"facts about demo of a road"
168;589211;"internationaal";"Demo:202";"The Dutch state";491285;"statement";;"Demo:164";"Groningen";"Demo:669";5138;"is located in";;"Demo:165";"Provincie Groningen";;;;;;"proposed";;"16-5-2015";"16-5-2015";"Andries van Renssen";"Andries van Renssen";"Demo:101";"facts about demo of a road"
168;910036;"English";"Demo:202";"The Dutch state";491285;"statement";;"Demo:165";"Province Groningen";"Demo:670";1225;"is classified as a";;700046;"province";;;;;;"proposed";;"16 mei 15";"16 mei 15";"Andries van Renssen";"Andries van Renssen";"Demo:101";"facts about demo of a road"
168;589211;"internationaal";"Demo:165";"Province Groningen";491285;"statement";;"Demo:165";"Groningen";"Demo:671";1981;"is a synonym of";;"Demo:165";"Province Groningen";;;;;;"proposed";;"16 mei 15";"16 mei 15";"Andries van Renssen";"Andries van Renssen";"Demo:101";"facts about demo of a road"
168;910036;"English";"Demo:202";"The Dutch state";491285;"statement";;"Demo:165";"Province Groningen";"Demo:672";5138;"is located in";;2700217;"Netherlands";;;;;;"proposed";;"16 mei 15";"16 mei 15";"Andries van Renssen";"Andries van Renssen";"Demo:101";"facts about demo of a road"
167;589211;"internationaal";"Demo:164";"Groningen";491285;"statement";;"Demo:176";"Main street";"Demo:673";5138;"is located in";;"Demo:164";"Groningen";;;;;;"proposed";;"16-5-2015";"16-5-2015";"Andries van Renssen";"Andries van Renssen";"Demo:101";"facts about demo of a road"
169;589211;"internationaal";"Demo:164";"Groningen";491285;"statement";;"Demo:166";"Main street 12";"Demo:674";1225;"is classified as a";;44274;"bungalow";;;;;;"proposed";;"12-8-2017";"12-8-2017";"Andries van Renssen";"Andries van Renssen";"Demo:205";"facts about Main street 12"
170;589211;"internationaal";"Demo:164";"Groningen";491285;"statement";;"Demo:166";"Main street 12";"Demo:675";5138;"is located in";;"Demo:176";"Main street";;;;;;"proposed";;"12-8-2017";"12-8-2017";"Andries van Renssen";"Andries van Renssen";"Demo:205";"facts about Main street 12"
171;589211;"internationaal";"Demo:166";"Main street 12";491285;"statement";;"Demo:167";"Roof";"Demo:676";1225;"is classified as a";;40156;"roof";;;;;;"proposed";;"12-8-2017";"12-8-2017";"Andries van Renssen";"Andries van Renssen";"Demo:205";"facts about Main street 12"
172;589211;"internationaal";"Demo:166";"Main street 12";491285;"statement";;"Demo:167";"Roof";"Demo:677";1260;"is a part of";;"Demo:166";"Main street 12";;;;;;"proposed";;"12-8-2017";"12-8-2017";"Andries van Renssen";"Andries van Renssen";"Demo:205";"facts about Main street 12"
173;589211;"internationaal";"Demo:166";"Main street 12";491285;"statement";;"Demo:168";"Roof window-1";"Demo:678";1225;"is classified as a";;43769;"roof window";;;;;;"proposed";;"12-8-2017";"12-8-2017";"Andries van Renssen";"Andries van Renssen";"Demo:205";"facts about Main street 12"
174;589211;"internationaal";"Demo:166";"Main street 12";491285;"statement";;"Demo:168";"Roof window-1";"Demo:679";1260;"is a part of";;"Demo:167";"Roof";;;;;;"proposed";;"12-8-2017";"12-8-2017";"Andries van Renssen";"Andries van Renssen";"Demo:205";"facts about Main street 12"
173;589211;"internationaal";"Demo:166";"Main street 12";491285;"statement";;"Demo:168";"Roof window-1";"Demo:680";4798;"has as property";;"Demo:177";"D1-b1";;;;;;"proposed";;"12-8-2017";"12-8-2017";"Andries van Renssen";"Andries van Renssen";"Demo:205";"facts about Main street 12"
173;589211;"internationaal";"Demo:166";"Main street 12";491285;"statement";;"Demo:177";"D1-b1";"Demo:681";1225;"is classified as a";;550464;"width";;;;;;"proposed";;"12-8-2017";"12-8-2017";"Andries van Renssen";"Andries van Renssen";"Demo:205";"facts about Main street 12"
173;589211;"internationaal";"Demo:166";"Main street 12";491285;"statement";;"Demo:177";"D1-b1";"Demo:682";5026;"has on scale a value greater than";;2000000600;600;;;570423;"mm";;"proposed";;"12-8-2017";"12-8-2017";"Andries van Renssen";"Andries van Renssen";"Demo:205";"facts about Main street 12"
174;589211;"internationaal";"Demo:166";"Main street 12";491285;"statement";;"Demo:175";"Main cable";"Demo:683";1260;"is a part of";;"Demo:166";"Main street 12";;;;;;"proposed";;"12-8-2017";"12-8-2017";"Andries van Renssen";"Andries van Renssen";"Demo:205";"facts about Main street 12"
174;589211;"internationaal";"Demo:166";"Main street 12";491285;"statement";;"Demo:175";"Main cable";"Demo:684";1225;"is classified as a";;251691;"3 core cable";;;;;;"proposed";;"12-8-2017";"12-8-2017";"Andries van Renssen";"Andries van Renssen";"Demo:205";"facts about Main street 12"
174;589211;"internationaal";"Demo:166";"Main street 12";491285;"statement";;"Demo:175";"Main cable";"Demo:685";5423;"is made of";;280178;"PVC";;;;;;"proposed";;"12-8-2017";"12-8-2017";"Andries van Renssen";"Andries van Renssen";"Demo:205";"facts about Main street 12"
174;589211;"internationaal";"Demo:164";"Groningen";491285;"statement";;"Demo:176";"Main street";"Demo:686";1225;"is classified as a";;43365;"straat";"in the city of Groningen.";;;;;"proposed";;"12-8-2017";"12-8-2017";"Andries van Renssen";"Andries van Renssen";"Demo:205";"facts about Main street 12"
174;589211;"internationaal";"Demo:164";"Groningen";491285;"statement";;"Demo:176";"Main street";"Demo:687";1260;"is a part of";;"Demo:110";"Road net_1";;;;;;"proposed";;"12-8-2017";"12-8-2017";"Andries van Renssen";"Andries van Renssen";"Demo:205";"facts about Main street 12"
173;589211;"internationaal";"Demo:166";"Main street 12";491285;"statement";;"Demo:168";"Roof window-1";"Demo:688";4798;"has as property";;"Demo:178";"D1-h1";;;;;;"proposed";;"12-8-2017";"12-8-2017";"Andries van Renssen";"Andries van Renssen";"Demo:205";"facts about Main street 12"
173;589211;"internationaal";"Demo:166";"Main street 12";491285;"statement";;"Demo:178";"D1-h1";"Demo:689";1225;"is classified as a";;550126;"height";;;;;;"proposed";;"12-8-2017";"12-8-2017";"Andries van Renssen";"Andries van Renssen";"Demo:205";"facts about Main street 12"
173;589211;"internationaal";"Demo:166";"Main street 12";491285;"statement";;"Demo:178";"D1-h1";"Demo:690";5490;"has on scale a value less than or equal to";;2000001200;1200;;;570423;"mm";;"proposed";;"12-8-2017";"12-8-2017";"Andries van Renssen";"Andries van Renssen";"Demo:205";"facts about Main street 12"
174;589211;"internationaal";"Demo:166";"Main street 12";491285;"statement";;"Demo:175";"Main cable";"Demo:691";4798;"has as property";;"Demo:179";"H1-diam";;;;;;"proposed";;"12-8-2017";"12-8-2017";"Andries van Renssen";"Andries van Renssen";"Demo:205";"facts about Main street 12"
174;589211;"internationaal";"Demo:166";"Main street 12";491285;"statement";;"Demo:179";"H1-diam";"Demo:692";1225;"is classified as a";;550206;"external diameter";;;;;;"proposed";;"12-8-2017";"12-8-2017";"Andries van Renssen";"Andries van Renssen";"Demo:205";"facts about Main street 12"
174;589211;"internationaal";"Demo:166";"Main street 12";491285;"statement";;"Demo:179";"H1-diam";"Demo:696";5025;"has on scale a value equal to";;2000000030;30;;;570423;"mm";;"proposed";;"12-8-2017";"12-8-2017";"Andries van Renssen";"Andries van Renssen";"Demo:205";"facts about Main street 12"
174;589211;"internationaal";"Demo:166";"Main street 12";491285;"statement";;"Demo:180";"Bolt-1";"Demo:697";1225;"is classified as a";;340016;"bolt";;;;;;"proposed";;"12-8-2017";"12-8-2017";"Andries van Renssen";"Andries van Renssen";"Demo:205";"facts about Main street 12"
174;589211;"internationaal";"Demo:166";"Main street 12";491285;"statement";;"Demo:180";"Bolt-1";"Demo:698";1260;"is a part of";;"Demo:168";"Roof window-1";;;;;;"proposed";;"12-8-2017";"12-8-2017";"Andries van Renssen";"Andries van Renssen";"Demo:205";"facts about Main street 12"
